name,address,website,phone_number
gaia dental care,"
المنارة, عمارة المشوشر, طابق1 - فوق ميلانو شوز, رام الله والبيرة",,"
+972 59-937-4942"
Dental Spa Clinic الدكتور محفوظ فوالحة,"
Al-Bireh, Ramallah","
facebook.com","
+972 56-970-9099"
عيادة الابتسامة لطب الأسنان - Smile Dental Center Gaza,"
شارع اللبابيدي, Gaza","
facebook.com","
+970 599 407 242"
My teeth Oral Medicine and Agriculture and Orthodontic Center,"
Gaza",,"
+970 8 285 7776"
Bright Dental Clinic عيادة برايت لطب الأسنان,"
GFH3+GFM, Gaza, Gaza Strip","
instagram.com","
+970 598 653 454"
